{
	"credit": "Made with Blockbench",
	"parent": "block/block",
	"ambientocclusion": true,
	"textures": {
		"particle": "#all"
	},
	"elements": [
		{   "from": [ 0, 0, 0 ],
            "to": [ 16, 16, 16 ],
            "faces": {
                "down":  { "uv": [ 0, 0, 16, 16 ], "texture": "#all", "tintindex": 0, "cullface": "down" },
                "up":    { "uv": [ 0, 0, 16, 16 ], "texture": "#all", "tintindex": 0, "cullface": "up" },
                "north": { "uv": [ 0, 0, 16, 16 ], "texture": "#all", "tintindex": 0, "cullface": "north" },
                "south": { "uv": [ 0, 0, 16, 16 ], "texture": "#all", "tintindex": 0, "cullface": "south" },
                "west":  { "uv": [ 0, 0, 16, 16 ], "texture": "#all", "tintindex": 0, "cullface": "west" },
                "east":  { "uv": [ 0, 0, 16, 16 ], "texture": "#all", "tintindex": 0, "cullface": "east" }
            }
        },
        {   "from": [ 0, 0, 0 ],
            "to": [ 16, 16, 16 ],
            "faces": {
                "down":  { "uv": [ 0, 0, 16, 16 ], "texture": "#overlay", "cullface": "down" },
                "up":    { "uv": [ 0, 0, 16, 16 ], "texture": "#overlay", "cullface": "up" },
                "north": { "uv": [ 0, 0, 16, 16 ], "texture": "#overlay", "cullface": "north" },
                "south": { "uv": [ 0, 0, 16, 16 ], "texture": "#overlay", "cullface": "south" },
                "west":  { "uv": [ 0, 0, 16, 16 ], "texture": "#overlay", "cullface": "west" },
                "east":  { "uv": [ 0, 0, 16, 16 ], "texture": "#overlay", "cullface": "east" }
            }
        },
		{
			"name": "overlay",
			"from": [8.92737, -6, -9.15416],
			"to": [8.92737, 22, 22.84584],
			"shade": false,
			"rotation": {"angle": 22.5, "axis": "y", "origin": [8.1875, -8, 7.875]},
			"faces": {
				"east": {"uv": [0, 0, 16, 16], "texture": "#bushy_overlay"},
				"west": {"uv": [0, 0, 16, 16], "texture": "#bushy_overlay"}
			}
		},
		{
			"from": [8.92737, -6, -9.15416],
			"to": [8.92737, 22, 22.84584],
			"shade": false,
			"rotation": {"angle": 22.5, "axis": "y", "origin": [8.1875, -8, 7.875]},
			"faces": {
				"east": {"uv": [0, 0, 16, 16], "texture": "#bushy", "tintindex": 0},
				"west": {"uv": [0, 0, 16, 16], "texture": "#bushy", "tintindex": 0}
			}
		},
		{
			"name": "overlay",
			"from": [-7.15429, -6, 7.19697],
			"to": [24.84571, 22, 7.19697],
			"shade": false,
			"rotation": {"angle": 22.5, "axis": "y", "origin": [8.1875, -8, 7.875]},
			"faces": {
				"north": {"uv": [0, 0, 16, 16], "texture": "#bushy_overlay"},
				"south": {"uv": [0, 0, 16, 16], "texture": "#bushy_overlay"}
			}
		},
		{
			"from": [-7.15429, -6, 7.19697],
			"to": [24.84571, 22, 7.19697],
			"shade": false,
			"rotation": {"angle": 22.5, "axis": "y", "origin": [8.1875, -8, 7.875]},
			"faces": {
				"north": {"uv": [0, 0, 16, 16], "texture": "#bushy", "tintindex": 0},
				"south": {"uv": [0, 0, 16, 16], "texture": "#bushy", "tintindex": 0}
			}
		}
	]
}