{
    "variants": {
        "": [
			{ "model": "betterend:block/lucernia_leaves_1" },
			{ "model": "betterend:block/lucernia_leaves_2" },
			{ "model": "betterend:block/lucernia_leaves_3" },
			{ "model": "betterend:block/lucernia_leaves_4" },
			{ "model": "betterend:block/lucernia_leaves_1", "y": 90 },
			{ "model": "betterend:block/lucernia_leaves_2", "y": 90 },
			{ "model": "betterend:block/lucernia_leaves_3", "y": 90 },
			{ "model": "betterend:block/lucernia_leaves_4", "y": 90 },
			{ "model": "betterend:block/lucernia_leaves_1", "y": 180 },
			{ "model": "betterend:block/lucernia_leaves_2", "y": 180 },
			{ "model": "betterend:block/lucernia_leaves_3", "y": 180 },
			{ "model": "betterend:block/lucernia_leaves_4", "y": 180 },
			{ "model": "betterend:block/lucernia_leaves_1", "y": 270 },
			{ "model": "betterend:block/lucernia_leaves_2", "y": 270 },
			{ "model": "betterend:block/lucernia_leaves_3", "y": 270 },
			{ "model": "betterend:block/lucernia_leaves_4", "y": 270 }
		]
    }
}